                  epoch,         train/box_loss,         train/cls_loss,         train/dfl_loss,   metrics/precision(B),      metrics/recall(B),       metrics/mAP50(B),    metrics/mAP50-95(B),           val/box_loss,           val/cls_loss,           val/dfl_loss,                 lr/pg0,                 lr/pg1,                 lr/pg2
                      1,                 5.5812,                 4.3835,                 4.2394,                0.00031,                0.00036,                0.00016,                  5e-05,                  5.254,                 4.4146,                 4.1607,                 0.0001,                 0.0001,                 0.0001
                      2,                 5.4086,                 4.3385,                 4.1756,                0.00018,                0.00022,                  9e-05,                  1e-05,                 5.2542,                 4.4067,                 4.1578,             0.00017043,             0.00017043,             0.00017043
                      3,                 5.4093,                 4.2385,                 4.1142,                0.00018,                0.00022,                  9e-05,                  2e-05,                 5.2537,                 4.3905,                 4.1493,              0.0001963,              0.0001963,              0.0001963
                      4,                 5.2166,                 4.0753,                  4.058,                0.00028,                0.00036,                0.00014,                  4e-05,                 5.2526,                 4.3758,                 4.1385,             0.00017763,             0.00017763,             0.00017763
                      5,                 5.2133,                 3.8718,                 3.9832,                0.00028,                0.00036,                0.00014,                  4e-05,                 5.2505,                 4.3705,                 4.1303,              0.0001144,              0.0001144,              0.0001144
