                  epoch,         train/box_loss,         train/cls_loss,         train/dfl_loss,   metrics/precision(B),      metrics/recall(B),       metrics/mAP50(B),    metrics/mAP50-95(B),           val/box_loss,           val/cls_loss,           val/dfl_loss,                 lr/pg0,                 lr/pg1,                 lr/pg2
                      1,                 5.2109,                 3.8953,                 4.0274,                0.00017,                0.00029,                0.00014,                  1e-05,                 5.7761,                 4.3665,                 4.2258,             0.00046499,             0.00046499,             0.00046499
                      2,                 4.6052,                 3.1316,                 3.3912,                 0.0003,                0.00072,                0.00018,                  3e-05,                 5.8258,                 4.8277,                 4.5934,             0.00063069,             0.00063069,             0.00063069
                      3,                  3.983,                 2.7004,                 2.7841,                0.04049,                 0.0946,                0.04196,                0.01225,                 4.1852,                 2.9789,                 2.6709,               0.000482,               0.000482,               0.000482
